ID,Predicted
0,4
1,4
2,3
3,4
4,3.5
5,3
6,3
7,3.5
8,4
9,2.5
10,4
11,3.5
12,3.5
13,3
14,2.5
15,4
16,3.5
17,3.5
18,3.5
19,3.5
20,4
21,4
22,3
23,4
24,4
25,4
26,3.5
27,3.5
28,3.5
29,3.5
30,3
31,3.5
32,1.5
33,3.5
34,4
35,3
36,3
37,2.5
38,3.5
39,3.5
40,2.5
41,3.5
42,3
43,4
44,1.5
45,3.5
46,3.5
47,3.5
48,4
49,3.5
50,3
51,4
52,2.5
53,3
54,4
55,4
56,3.5
57,4
58,4
59,3.5
60,3.5
61,3.5
62,4.5
63,3
64,3.5
65,4
66,4
67,4
68,3.5
69,4
70,3.5
71,4
72,3.5
73,3.5
74,4
75,4
76,2.5
77,3.5
78,2.5
79,3.5
80,2.5
81,3.5
82,4
83,2.5
84,4
85,3.5
86,4
87,3
88,2.5
89,3.5
90,3
91,4.5
92,3.5
93,3.5
94,4
95,2.5
96,2
97,3.5
98,4
99,3.5
100,3
101,4
102,3.5
103,3.5
104,4.5
105,2.5
106,4
107,3
108,4
109,3
110,3
111,3
112,3.5
113,3
114,4
115,3
116,3.5
117,3.5
118,3.5
119,4
120,3
121,4
122,3.5
123,4
124,3.5
125,2.5
126,3
127,4
128,4
129,3
130,2.5
131,3.5
132,4
133,4
134,3.5
135,3.5
136,4
137,4
138,3
139,4
140,3
141,4
142,2.5
143,4
144,3.5
145,2.5
146,3.5
147,4
148,4
149,3
150,3.5
151,3
152,3.5
153,3.5
154,2.5
155,3.5
156,3.5
157,2
158,4
159,4
160,4
161,2
162,4
163,3
164,3
165,3.5
166,4
167,4.5
168,4
169,3
170,3.5
171,3.5
172,3.5
173,3.5
174,3
175,3.5
176,4.5
177,4
178,3
179,4
180,4
181,3.5
182,4
183,4
184,3
185,2.5
186,3.5
187,4
188,3
189,3.5
190,3.5
191,4
192,3.5
193,3.5
194,3.5
195,2.5
196,4
197,3.5
198,3.5
199,3
200,3.5
201,4
202,3
203,2.5
204,2.5
205,3.5
206,3.5
207,3.5
208,3
209,4
210,3
211,3.5
212,3.5
213,3
214,2.5
215,3
216,3
217,3
218,3.5
219,3.5
220,3
221,3.5
222,3
223,4
224,4
225,3
226,3.5
227,4
228,4
229,3
230,3.5
231,3
232,2.5
233,4
234,4
235,4
236,3.5
237,3.5
238,3.5
239,3
240,3.5
241,4
242,3
243,4
244,3
245,3.5
246,3
247,3.5
248,4
249,3
250,2.5
251,2.5
252,3.5
253,2.5
254,4
255,3.5
256,3
257,3.5
258,3.5
259,3
260,4
261,3.5
262,3.5
263,3.5
264,3.5
265,4
266,4
267,4
268,3
269,4
270,3
271,3.5
272,3.5
273,3.5
274,4
275,4
276,4
277,4
278,4
279,3
280,3.5
281,4
282,3.5
283,3.5
284,4
285,3
286,3.5
287,3
288,4
289,4
290,3.5
291,3
292,4.5
293,3
294,2.5
295,3.5
296,3
297,4
298,4
299,3
300,3.5
301,3
302,3.5
303,4
304,4
305,3.5
306,4
307,3.5
308,4
309,4
310,4
311,3
312,3
313,3
314,4
315,3
316,3
317,3
318,4
319,3.5
320,4
321,3.5
322,3.5
323,4
324,4
325,4
326,3.5
327,3.5
328,3.5
329,3.5
330,3.5
331,3.5
332,3.5
333,4
334,3.5
335,3.5
336,3.5
337,4
338,4
339,3
340,4
341,4
342,3
343,3
344,3.5
345,4
346,4
347,3.5
348,3.5
349,3
350,4
351,2.5
352,3.5
353,4
354,3.5
355,3.5
356,4
357,4
358,3.5
359,4
360,3.5
361,4
362,2.5
363,3
364,3.5
365,2.5
366,4
367,4
368,3
369,3.5
370,4
371,3
372,3
373,4
374,3.5
375,3.5
376,4
377,4
378,4
379,3.5
380,3.5
381,4
382,3
383,3.5
384,2.5
385,3.5
386,4
387,4
388,4
389,4
390,3.5
391,4
392,3.5
393,3.5
394,3.5
395,3
396,3.5
397,3
398,3
399,4
400,3.5
401,3.5
402,4
403,3
404,4
405,3.5
406,3
407,3.5
408,3
409,3
410,3.5
411,3.5
412,4
413,3
414,4
415,3.5
416,3.5
417,3
418,4
419,2
420,3
421,3.5
422,3.5
423,4
424,3.5
425,3.5
426,3.5
427,4
428,3
429,3.5
430,3
431,3.5
432,3
433,4
434,4
435,3.5
436,3
437,3.5
438,3.5
439,3.5
440,4
441,4
442,3.5
443,4
444,4
445,2
446,3
447,3
448,2.5
449,4
450,4
451,4
452,4
453,3.5
454,3.5
455,3.5
456,3.5
457,4
458,2.5
459,4
460,4
461,4
462,3
463,3.5
464,2.5
465,3.5
466,3.5
467,2.5
468,3.5
469,1.5
470,4
471,3
472,4
473,4.5
474,4
475,3
476,3
477,4
478,3
479,3.5
480,3.5
481,3
482,3.5
483,3.5
484,4
485,4
486,2.5
487,3.5
488,3.5
489,3.5
490,4
491,2.5
492,3.5
493,4
494,3
495,4.5
496,2.5
497,4
498,3
499,2.5
500,3
501,3
502,3.5
503,4
504,3
505,3.5
506,3.5
507,3.5
508,3.5
509,4
510,2.5
511,3.5
512,3.5
513,4
514,4
515,4
516,4.5
517,2.5
518,4
519,3.5
520,3.5
521,2.5
522,3.5
523,3.5
524,4
525,4
526,4
527,3.5
528,3.5
529,3.5
530,2.5
531,3.5
532,3.5
533,4.5
534,2.5
535,3
536,4
537,4
538,2.5
539,4
540,3.5
541,3
542,3.5
543,3
544,3.5
545,3
546,4
547,2.5
548,4
549,2.5
550,4
551,3.5
552,4
553,4
554,3.5
555,3.5
556,4
557,3
558,3.5
559,3.5
560,4
561,3.5
562,3.5
563,4
564,4
565,3
566,4
567,3.5
568,3.5
569,3
570,3.5
571,3.5
572,3
573,4
574,4
575,3.5
576,4
577,3.5
578,4
579,3.5
580,3.5
581,4
582,3.5
583,3
584,4
585,3.5
586,3
587,3
588,3.5
589,3.5
590,2.5
591,3
592,4
593,3.5
594,3.5
595,3
596,3.5
597,4
598,3
599,3.5
600,4
601,4
602,3.5
603,2.5
604,2.5
605,4
606,3
607,3
608,3
609,4
610,3
611,3
612,4
613,3
614,3
615,3
616,4
617,3
618,4
619,4
620,3.5
621,4
622,3
623,4
624,3
625,3
626,3
627,3.5
628,2
629,3.5
630,4
631,4.5
632,3
633,4
634,3.5
635,3.5
636,4
637,3.5
638,3.5
639,4
640,3
641,3
642,3.5
643,4
644,3.5
645,3.5
646,3.5
647,3.5
648,1.5
649,4
650,3.5
651,3.5
652,3.5
653,3.5
654,2.5
655,2.5
656,3.5
657,3.5
658,3
659,4
660,3.5
661,2.5
662,4
663,3.5
664,3.5
665,4
666,3.5
667,3
668,3.5
669,4
670,4
671,4
672,3.5
673,3.5
674,4
675,2.5
676,3
677,4.5
678,3.5
679,3.5
680,3.5
681,3
682,3.5
683,3.5
684,3
685,4
686,4
687,4
688,3
689,3
690,3
691,3.5
692,3.5
693,4
694,3.5
695,2.5
696,4
697,3
698,3.5
699,4
700,4
701,4
702,3.5
703,2.5
704,2
705,3.5
706,3
707,3
708,3.5
709,4
710,3
711,4
712,3.5
713,3
714,2.5
715,3.5
716,3.5
717,3.5
718,3.5
719,3.5
720,3.5
721,4
722,4
723,3
724,4
725,4
726,4
727,3.5
728,4
729,3.5
730,3.5
731,4
732,3.5
733,3.5
734,3
735,3.5
736,3.5
737,3.5
738,4
739,3.5
740,4
741,3.5
742,3
743,3.5
744,4
745,3.5
746,4
747,3
748,3.5
749,4
750,4.5
751,3
752,3.5
753,3
754,3
755,3
756,3
757,4
758,4
759,3.5
760,3.5
761,3.5
762,3.5
763,3.5
764,2.5
765,2
766,3.5
767,4
768,4
769,2.5
770,3.5
771,3.5
772,4
773,4
774,4.5
775,3.5
776,3.5
777,2.5
778,3.5
779,3.5
780,3.5
781,3.5
782,3.5
783,3.5
784,3.5
785,3.5
786,3.5
787,2.5
788,4
789,4
790,3
791,3
792,3
793,3.5
794,3.5
795,4
796,3.5
797,2.5
798,3.5
799,3
800,3
801,3.5
802,3.5
803,3.5
804,3
805,2.5
806,3.5
807,3.5
808,3.5
809,4
810,4
811,3
812,4
813,4
814,3.5
815,4
816,4
817,3.5
818,3.5
819,4
820,3.5
821,3.5
822,4
823,3.5
824,3.5
825,3
826,3.5
827,2
828,4
829,3
830,4
831,3.5
832,4
833,3.5
834,4
835,2.5
836,3
837,4
838,4
839,2.5
840,3.5
841,3.5
842,3.5
843,3.5
844,3.5
845,3.5
846,4.5
847,4
848,4
849,3.5
850,3.5
851,3.5
852,3.5
853,3.5
854,3.5
855,4
856,4
857,3
858,3
859,3
860,3.5
861,3.5
862,2.5
863,2.5
864,3.5
865,2.5
866,2
867,2.5
868,3.5
869,3.5
870,3.5
871,3
872,3
873,4
874,4
875,3.5
876,3
877,4
878,2.5
879,3
880,3.5
881,3.5
882,3.5
883,3
884,2
885,3.5
886,3.5
887,4
888,3.5
889,2.5
890,3
891,3.5
892,3
893,4
894,3.5
895,4
896,3
897,3.5
898,2.5
899,3
900,2.5
901,3.5
902,2.5
903,3.5
904,3.5
905,3.5
906,3
907,4
908,3
909,4
910,4
911,3.5
912,3.5
913,3
914,3.5
915,4
916,3.5
917,3.5
918,3.5
919,3.5
920,3.5
921,3.5
922,4
923,2.5
924,4
925,4
926,3.5
927,3.5
928,4
929,4
930,2
931,2.5
932,4
933,3.5
934,3.5
935,4
936,4
937,3.5
938,3.5
939,4
940,3.5
941,3.5
942,3
943,4
944,4
945,3
946,3
947,4
948,3
949,3.5
950,3
951,4
952,3.5
953,3.5
954,3
955,3.5
956,3.5
957,3
958,3.5
959,3.5
960,3.5
961,4
962,3.5
963,4
964,3.5
965,3.5
966,3.5
967,4
968,3.5
969,4
970,4
971,4
972,4
973,3
974,3
975,3
976,4
977,3
978,3.5
979,3.5
980,3.5
981,4
982,3.5
983,4
984,4
985,3.5
986,4
987,4
988,4
989,3.5
990,3
991,2
992,3
993,4
994,4
995,3.5
996,3.5
997,3.5
998,4
999,3.5
1000,4
1001,3.5
1002,3
1003,4
1004,4
1005,4
1006,3
1007,3.5
1008,2.5
1009,3
1010,2.5
1011,3.5
1012,3
1013,2.5
1014,4
1015,3.5
1016,2.5
1017,3.5
1018,3.5
1019,3
1020,4
1021,2.5
1022,3
1023,3.5
1024,3
1025,4
1026,3
1027,3.5
1028,3
1029,4
1030,3.5
1031,3
1032,4
1033,4
1034,3.5
1035,4
1036,3
1037,3.5
1038,3
1039,3
1040,4
1041,2.5
1042,3
1043,2.5
1044,3
1045,3
1046,4
1047,3
1048,4
1049,3
1050,3.5
1051,3
1052,3.5
1053,4
1054,3
1055,4
1056,3.5
1057,3.5
1058,3
1059,4.5
1060,4
1061,3.5
1062,3.5
1063,3.5
1064,3.5
1065,3.5
1066,4
1067,2.5
1068,3.5
1069,4
1070,3.5
1071,4
1072,4
1073,3
1074,2
1075,3.5
1076,4
1077,2.5
1078,3.5
1079,3
1080,3.5
1081,4
1082,4
1083,4
1084,4
1085,3.5
1086,4
1087,3.5
1088,3.5
1089,3.5
1090,3.5
1091,2.5
1092,3
1093,3
1094,4
1095,3.5
1096,3.5
1097,3.5
1098,3.5
1099,3.5
1100,3.5
1101,3
1102,3.5
1103,3.5
1104,3.5
1105,4.5
1106,3
1107,4
1108,4
1109,3.5
1110,4.5
1111,4
1112,3.5
1113,3
1114,3
1115,3.5
1116,3
1117,3.5
1118,3.5
1119,3.5
1120,4
1121,3
1122,2.5
1123,2.5
1124,3.5
1125,2.5
1126,4
1127,3
1128,3.5
1129,3.5
1130,4
1131,3
1132,3.5
1133,3.5
1134,4
1135,3
1136,2.5
1137,2.5
1138,3.5
1139,4
1140,3
1141,3
1142,2.5
1143,4
1144,3.5
1145,4
1146,3.5
1147,4
1148,2
1149,2.5
1150,3
1151,3.5
1152,3.5
1153,3.5
1154,3
1155,3.5
1156,3.5
1157,3.5
1158,4
1159,4
1160,3.5
1161,3.5
1162,2.5
1163,3.5
1164,3.5
1165,3
1166,4
1167,4
1168,2.5
1169,3.5
1170,4
1171,4
1172,4
1173,4
1174,3.5
1175,4
1176,3.5
1177,3.5
1178,3.5
1179,3.5
1180,3.5
1181,4
1182,4
1183,4
1184,4
1185,4
1186,3.5
1187,3.5
1188,2.5
1189,3
1190,3.5
1191,3.5
1192,4
1193,2.5
1194,3
1195,3
1196,3.5
1197,4
1198,3
1199,4
1200,4
1201,4
1202,4
1203,3.5
1204,3
1205,3.5
1206,4
1207,4
1208,3.5
1209,3
1210,3
1211,4
1212,3.5
1213,3
1214,1.5
1215,3.5
1216,3.5
1217,3.5
1218,4
1219,4
1220,4
1221,3
1222,3.5
1223,3
1224,3
1225,3
1226,4
1227,3.5
1228,2.5
1229,3
1230,3.5
1231,4
1232,3.5
1233,4
1234,3
1235,3.5
1236,3
1237,3
1238,3
1239,3
1240,3
1241,4
1242,3
1243,3.5
1244,3
1245,3.5
1246,3
1247,4
1248,3.5
1249,3.5
1250,3.5
1251,4
1252,3.5
1253,3.5
1254,3
1255,3.5
1256,3.5
1257,3.5
1258,2.5
1259,4
1260,2.5
1261,3.5
1262,4
1263,3
1264,4
1265,3.5
1266,2.5
1267,3.5
1268,3.5
1269,3.5
1270,4
1271,3.5
1272,3.5
1273,3.5
1274,3.5
1275,3.5
1276,3.5
1277,4
1278,3.5
1279,3
1280,3
1281,4
1282,3.5
1283,3
1284,3.5
1285,2.5
1286,4
1287,3.5
1288,4
1289,2.5
1290,3
1291,2.5
1292,3.5
1293,3.5
1294,3.5
1295,3
1296,4
1297,4
1298,2.5
1299,4
1300,3.5
1301,4
1302,4
1303,2.5
1304,3
1305,4
1306,4
1307,3.5
1308,4
1309,3.5
1310,2.5
1311,3
1312,3.5
1313,4
1314,4
1315,4
1316,3
1317,4
1318,2.5
1319,3.5
1320,4
1321,4
1322,3
1323,3
1324,3.5
1325,4
1326,3.5
1327,4
1328,3.5
1329,4
1330,4
1331,4
1332,3.5
1333,3
1334,2.5
1335,3.5
1336,4
1337,3
1338,3.5
1339,2.5
1340,3.5
1341,3.5
1342,4
1343,3.5
1344,3
1345,3.5
1346,4.5
1347,3.5
1348,3.5
1349,2
1350,3
1351,3.5
1352,3.5
1353,4
1354,4
1355,4
1356,4
1357,4
1358,4
1359,3.5
1360,4
1361,4
1362,3
1363,3
1364,3
1365,3.5
1366,3.5
1367,3.5
1368,2.5
1369,3.5
1370,4
1371,3.5
1372,2.5
1373,3.5
1374,3
1375,4
1376,3.5
1377,4
1378,4
1379,3
1380,3
1381,3.5
1382,3
1383,3.5
1384,3
1385,4
1386,3.5
1387,3.5
1388,2
1389,3.5
1390,4
1391,3.5
1392,3.5
1393,3
1394,2.5
1395,3.5
1396,3.5
1397,4
1398,4
1399,4
1400,3.5
1401,4
1402,4
1403,3.5
1404,3
1405,3
1406,4
1407,3
1408,3.5
1409,3.5
1410,3.5
1411,3.5
1412,4
1413,3.5
1414,3
1415,3
1416,3.5
1417,4
1418,3.5
1419,3
1420,4
1421,3.5
1422,3.5
1423,2.5
1424,4
1425,4
1426,3.5
1427,4
1428,4
1429,4.5
1430,3.5
1431,2.5
1432,4
1433,3.5
1434,3.5
1435,3
1436,3
1437,3.5
1438,2
1439,3.5
1440,4.5
1441,3.5
1442,3
1443,3
1444,4
1445,4
1446,3.5
1447,4
1448,3.5
1449,4.5
1450,3.5
1451,2.5
1452,3.5
1453,3
1454,4
1455,3.5
1456,4
1457,3.5
1458,3.5
1459,3.5
1460,3
1461,3.5
1462,3
1463,4
1464,4
1465,3
1466,4
1467,3
1468,4
1469,4
1470,4
1471,3
1472,3.5
1473,3.5
1474,3
1475,3.5
1476,4
1477,4
1478,2
1479,3.5
1480,3
1481,3
1482,3.5
1483,4
1484,3.5
1485,4
1486,3
1487,4
1488,4
1489,3.5
1490,4
1491,3
1492,3.5
1493,3
1494,4
1495,3
1496,4
1497,3.5
1498,4
1499,4
1500,2.5
1501,3
1502,4
1503,4
1504,4
1505,4
1506,4
1507,3
1508,4
1509,3.5
1510,3.5
1511,4
1512,3
1513,3.5
1514,4
1515,3.5
1516,3.5
1517,3
1518,4
1519,3.5
1520,3.5
1521,3.5
1522,4
1523,3.5
1524,4
1525,3
1526,3.5
1527,3
1528,3.5
1529,3.5
1530,3.5
1531,4
1532,3.5
1533,3
1534,3
1535,3.5
1536,4
1537,3.5
1538,3
1539,4
1540,4
1541,4
1542,4
1543,4
1544,3.5
1545,3.5
1546,3.5
1547,3.5
1548,3
1549,3
1550,4
1551,4
1552,3.5
1553,1.5
1554,3.5
1555,3.5
1556,3.5
1557,4
1558,3
1559,3
1560,2.5
1561,3.5
1562,3.5
1563,4
1564,4
1565,3.5
1566,3
1567,3.5
1568,2.5
1569,3.5
1570,2
1571,3.5
1572,3.5
1573,3.5
1574,4
1575,3.5
1576,3.5
1577,3.5
1578,3.5
1579,2.5
1580,3.5
1581,3.5
1582,3
1583,3
1584,3.5
1585,3
1586,3.5
1587,4
1588,3.5
1589,3
1590,4
1591,4
1592,3.5
1593,3.5
1594,3
1595,3
1596,3
1597,3.5
1598,3
1599,3
1600,3
1601,2.5
1602,3.5
1603,3.5
1604,4
1605,3
1606,4.5
1607,3.5
1608,3.5
1609,3.5
1610,4
1611,3
1612,3.5
1613,3.5
1614,3
1615,4
1616,4
1617,3
1618,4
1619,3.5
1620,2.5
1621,4
1622,3.5
1623,3.5
1624,3.5
1625,4
1626,3.5
1627,3
1628,4
1629,4
1630,3.5
1631,3.5
1632,3
1633,3.5
1634,3.5
1635,3
1636,4
1637,4
1638,3
1639,4
1640,3.5
1641,4
1642,4
1643,4
1644,4
1645,4
1646,4
1647,3.5
1648,4
1649,3
1650,4
1651,3.5
1652,3.5
1653,4
1654,2
1655,3.5
1656,3.5
1657,4
1658,3.5
1659,4
1660,3
1661,4
1662,3.5
1663,3.5
1664,4
1665,4
1666,3.5
1667,3.5
1668,4
1669,2.5
1670,4
1671,3
1672,3
1673,3
1674,4
1675,3.5
1676,3
1677,3.5
1678,3
1679,2
1680,2.5
1681,3.5
1682,3.5
1683,4
1684,3.5
1685,4
1686,2.5
1687,2.5
1688,3
1689,3.5
1690,3
1691,3.5
1692,4
1693,3
1694,3.5
1695,3
1696,2.5
1697,3.5
1698,3
1699,3.5
1700,4
1701,3.5
1702,3.5
1703,4
1704,2.5
1705,3.5
1706,4
1707,4
1708,4
1709,4
1710,3.5
1711,3
1712,3.5
1713,3.5
1714,4
1715,3.5
1716,3
1717,4.5
1718,2.5
1719,3
1720,3
1721,3.5
1722,3.5
1723,3.5
1724,3
1725,4
1726,3.5
1727,2.5
1728,2.5
1729,3.5
1730,4
1731,3.5
1732,4
1733,4
1734,3.5
1735,2
1736,3.5
1737,3
1738,4
1739,3.5
1740,3.5
1741,3.5
1742,3.5
1743,4
1744,4
1745,3.5
1746,3.5
1747,3
1748,3.5
1749,3.5
1750,3.5
1751,3
1752,3.5
1753,3
1754,2.5
1755,3.5
1756,3.5
1757,3
1758,3
1759,4
1760,4
1761,4
1762,4
1763,2.5
1764,3.5
1765,3.5
1766,3
1767,3
1768,2.5
1769,4
1770,3.5
1771,3.5
1772,3.5
1773,3.5
1774,4.5
1775,3
1776,3.5
1777,3.5
1778,3.5
1779,4
1780,3
1781,3
1782,3.5
1783,3
1784,3.5
1785,2.5
1786,3.5
1787,4
1788,3.5
1789,3
1790,4
1791,3
1792,3
1793,4
1794,4
1795,4
1796,3.5
1797,4
1798,3
1799,3
1800,4
1801,4
1802,3
1803,3.5
1804,4
1805,3.5
1806,3.5
1807,4
1808,3.5
1809,2.5
1810,3
1811,3.5
1812,3.5
1813,4
1814,3
1815,4
1816,4
1817,3
1818,3.5
1819,3.5
1820,4
1821,3
1822,3.5
1823,3.5
1824,3
1825,2.5
1826,4
1827,3.5
1828,3
1829,4
1830,4
1831,4
1832,3.5
1833,4
1834,4
1835,3.5
1836,4
1837,3
1838,3.5
1839,3.5
1840,3
1841,3.5
1842,3
1843,3
1844,3.5
1845,3.5
1846,2.5
1847,3.5
1848,3.5
1849,3
1850,3.5
1851,3.5
1852,3
1853,4
1854,3.5
1855,4
1856,3.5
1857,3.5
1858,4
1859,3.5
1860,3.5
1861,4
1862,3
1863,3
1864,3
1865,4
1866,3.5
1867,3.5
1868,2
1869,4
1870,3.5
1871,4
1872,3.5
1873,3.5
1874,3.5
1875,4
1876,3.5
1877,3.5
1878,3.5
1879,3
1880,3
1881,2
1882,3
1883,3.5
1884,2.5
1885,3.5
1886,4
1887,3
1888,3.5
1889,3
1890,4
1891,3.5
1892,4
1893,2.5
1894,2.5
1895,3.5
1896,4
1897,3.5
1898,3
1899,3.5
1900,3.5
1901,3
1902,3
1903,3.5
1904,3.5
1905,4
1906,3
1907,3
1908,3.5
1909,3
1910,4
1911,4
1912,3.5
1913,3
1914,4
1915,3.5
1916,3
1917,3.5
1918,2.5
1919,3
1920,3.5
1921,4
1922,4
1923,4
1924,3.5
1925,3.5
1926,3.5
1927,3
1928,3.5
1929,4
1930,3
1931,3.5
1932,3.5
1933,3.5
1934,4
1935,3.5
1936,2.5
1937,3.5
1938,2.5
1939,3.5
1940,4
1941,4
1942,3.5
1943,3
1944,4
1945,3.5
1946,3.5
1947,3
1948,4
1949,3.5
1950,3.5
1951,4
1952,4
1953,3.5
1954,3.5
1955,3.5
1956,4
1957,4
1958,4
1959,3
1960,2.5
1961,4
1962,3
1963,3.5
1964,2.5
1965,4.5
1966,4
1967,3
1968,3.5
1969,4
1970,2.5
1971,3.5
1972,3.5
1973,3
1974,3
1975,2
1976,2
1977,3.5
1978,4
1979,2.5
1980,4
1981,3.5
1982,3.5
1983,3.5
1984,4
1985,4
1986,3.5
1987,2
1988,3.5
1989,2.5
1990,2.5
1991,3.5
1992,4
1993,3
1994,3
1995,4
1996,3
1997,3
1998,2
1999,3
2000,3.5
2001,3.5
2002,3.5
2003,3.5
2004,3.5
2005,4
2006,3.5
2007,3.5
2008,4
2009,3.5
2010,4
2011,3
2012,3.5
2013,2
2014,3
2015,3.5
2016,4
2017,4
2018,3.5
2019,3
2020,4
2021,3.5
2022,4
2023,3.5
2024,2.5
2025,3.5
2026,2.5
2027,4
2028,3.5
2029,3.5
2030,2.5
2031,3.5
2032,4
2033,3
2034,4
2035,4
2036,3.5
2037,4
2038,3.5
2039,4
2040,2
2041,3.5
2042,3.5
2043,4
2044,3.5
2045,4
2046,3.5
2047,4
2048,3.5
2049,3.5
2050,4
2051,4
2052,4
2053,3.5
2054,4
2055,3.5
2056,3.5
2057,4
2058,3.5
2059,2.5
2060,3.5
2061,3
2062,3.5
2063,4
2064,3.5
2065,3.5
2066,3.5
2067,4
2068,4
2069,3.5
2070,3
2071,3
2072,3.5
2073,3.5
2074,3.5
2075,3.5
2076,3
2077,3.5
2078,3.5
2079,2.5
2080,4
2081,3.5
2082,3.5
2083,3
2084,3.5
2085,3
2086,4
2087,3.5
2088,3
2089,4
2090,2.5
2091,3.5
2092,4
2093,3
2094,3.5
2095,3
2096,4
2097,4
2098,4
2099,2.5
2100,4
2101,3.5
2102,4
2103,3.5
2104,3.5
2105,3.5
2106,2.5
2107,4
2108,4
2109,4
2110,3.5
2111,3.5
2112,3
2113,4
2114,4
2115,3
2116,3
2117,4
2118,3.5
2119,3.5
2120,2.5
2121,3.5
2122,3.5
2123,4
2124,3.5
2125,4
2126,4
2127,3.5
2128,3.5
2129,3
2130,3
2131,3
2132,4
2133,3
2134,2.5
2135,3.5
2136,3.5
2137,3
2138,3.5
2139,3
2140,3.5
2141,3.5
2142,4
2143,2.5
2144,3
2145,4
2146,3.5
2147,3.5
2148,3.5
2149,2.5
2150,4
2151,3.5
2152,3.5
2153,4
2154,3
2155,3.5
2156,4
2157,3.5
2158,3
2159,4
2160,4
2161,4
2162,4
2163,2.5
2164,3.5
2165,4
2166,4
2167,3.5
2168,3.5
2169,4
2170,2.5
2171,4.5
2172,3.5
2173,3.5
2174,3.5
2175,4
2176,3.5
2177,3.5
2178,3.5
2179,3.5
2180,4
2181,4
2182,3.5
2183,1.5
2184,4
2185,2.5
2186,3
2187,4
2188,3
2189,3
2190,3.5
2191,4
2192,3.5
2193,4
2194,4
2195,3.5
2196,3.5
2197,2
2198,3.5
2199,2.5
2200,2.5
2201,2.5
2202,4
2203,4
2204,4
2205,3.5
2206,3.5
2207,3.5
2208,4
2209,3.5
2210,3.5
2211,3.5
2212,3
2213,4
2214,3
2215,3.5
2216,4
2217,3.5
2218,3
2219,2.5
2220,3.5
2221,4
2222,3.5
2223,3
2224,4
2225,3
2226,3
2227,4
2228,3.5
2229,4
2230,3.5
2231,2
2232,3
2233,4
2234,4.5
2235,3
2236,4
2237,3.5
2238,3.5
2239,4
2240,3.5
2241,3.5
2242,3
2243,4
2244,3
2245,3
2246,4
2247,4
2248,3.5
2249,4
2250,3.5
2251,2.5
2252,3.5
2253,4
2254,3
2255,3.5
2256,3.5
2257,4
2258,3.5
2259,3.5
2260,4
2261,3.5
2262,4
2263,3.5
2264,2.5
2265,3
2266,4
2267,3.5
2268,4
2269,4
2270,4
2271,3.5
2272,3.5
2273,3
2274,3.5
2275,4
2276,3.5
2277,3.5
2278,4
2279,3
2280,3.5
2281,3.5
2282,3.5
2283,3.5
2284,3.5
2285,3.5
2286,3.5
2287,3.5
2288,2.5
2289,3.5
2290,3
2291,4
2292,3.5
2293,3.5
2294,4
2295,2.5
2296,3
2297,3.5
2298,4
2299,4
2300,4
2301,3.5
2302,4
2303,3.5
2304,3
2305,3.5
2306,3.5
2307,3.5
2308,3
2309,3
2310,3.5
2311,3.5
2312,4
2313,4
2314,3.5
2315,4
2316,2.5
2317,3.5
2318,3.5
2319,3.5
2320,3.5
2321,4
2322,3
2323,2.5
2324,3
2325,4
2326,3
2327,3.5
2328,3.5
2329,3.5
2330,3.5
2331,3
2332,2.5
2333,4
2334,4
2335,4
2336,4
2337,4
2338,4
2339,3.5
2340,4
2341,3
2342,3
2343,4
2344,3
2345,3.5
2346,4
2347,3.5
2348,3.5
2349,3.5
2350,3.5
2351,3.5
2352,3.5
2353,4
2354,3.5
2355,3.5
2356,4
2357,3.5
2358,4
2359,4
2360,4
2361,4
2362,2.5
2363,4
2364,3.5
2365,4
2366,3
2367,4
2368,4
2369,3.5
2370,3
2371,3.5
2372,4
2373,3
2374,3
2375,4
2376,4
2377,2.5
2378,3.5
2379,4
2380,3.5
2381,3.5
2382,3.5
2383,4
2384,4
2385,4
2386,3.5
2387,2.5
2388,3.5
2389,2
2390,3.5
2391,4
2392,4
2393,3.5
2394,4
2395,3.5
2396,3.5
2397,4
2398,3.5
2399,3.5
2400,2
2401,3.5
2402,3.5
2403,3.5
2404,2.5
2405,3
2406,3
2407,3.5
2408,3
2409,3
2410,4
2411,3
2412,4
2413,3.5
2414,4
2415,3.5
2416,3
2417,4
2418,3
2419,4
2420,4
2421,4
2422,3.5
2423,3.5
2424,4
2425,3
2426,3
2427,3
2428,3
2429,3.5
2430,3
2431,3
2432,3.5
2433,3.5
2434,3
2435,3
2436,4
2437,4
2438,3.5
2439,2.5
2440,2.5
2441,4
2442,3.5
2443,3.5
2444,4
2445,3.5
2446,3.5
2447,3
2448,3
2449,4
2450,2.5
2451,4
2452,4
2453,3.5
2454,3.5
2455,3.5
2456,3
2457,2.5
2458,4
2459,3.5
2460,4
2461,3.5
2462,3.5
2463,3.5
2464,2.5
2465,3.5
2466,4
2467,4
2468,3.5
2469,3
2470,4
2471,2
2472,4
2473,4
2474,3
2475,4
2476,4
2477,3.5
2478,3.5
2479,4
2480,4
2481,3.5
2482,3.5
2483,4
2484,3
2485,3.5
2486,2.5
2487,4
2488,4
2489,4
2490,4
2491,3
2492,4
2493,3.5
2494,4.5
2495,3
2496,3
2497,3.5
2498,3.5
2499,2.5
2500,2
2501,3
2502,3.5
2503,4
2504,3.5
2505,3.5
2506,2.5
2507,4
2508,3.5
2509,3
2510,4
2511,4
2512,3
2513,3.5
2514,3
2515,3.5
2516,3.5
2517,4
2518,3.5
2519,4
2520,3.5
2521,3.5
2522,2.5
2523,3.5
2524,3
2525,3.5
2526,3
2527,3.5
2528,3.5
2529,3.5
2530,3.5
2531,3
2532,4
2533,4
2534,3
2535,4
2536,3.5
2537,4
2538,3
2539,3.5
2540,4
2541,4
2542,3.5
2543,4
2544,3
2545,4
2546,3.5
2547,3.5
2548,4
2549,3.5
2550,3.5
2551,3.5
2552,3.5
2553,3
2554,3
2555,3
2556,3.5
2557,3
2558,3.5
2559,3
2560,2.5
2561,2.5
2562,1.5
2563,4
2564,3.5
2565,3
2566,4
2567,3
2568,4
2569,3
2570,3.5
2571,3.5
2572,2.5
2573,3.5
2574,4
2575,3.5
2576,3.5
2577,3
2578,3
2579,3
2580,3.5
2581,3.5
2582,4
2583,4
2584,4
2585,4
2586,3
2587,3.5
2588,3.5
2589,3
2590,3
2591,3
2592,3.5
2593,3.5
2594,3.5
2595,3
2596,4
2597,3.5
2598,3
2599,4
2600,4
2601,3.5
2602,3.5
2603,2.5
2604,3.5
2605,4
2606,4
2607,3.5
2608,2.5
2609,4
2610,3.5
2611,3.5
2612,3
2613,2
2614,3
2615,3
2616,3
2617,3
2618,3.5
2619,3.5
2620,3.5
2621,3.5
2622,2.5
2623,4
2624,4
2625,3
2626,3.5
2627,3.5
2628,3.5
2629,2.5
2630,3.5
2631,4
2632,4
2633,3
2634,3.5
2635,2.5
2636,4
2637,2.5
2638,3.5
2639,2.5
2640,3.5
2641,4
2642,3.5
2643,4
2644,2
2645,3.5
2646,3
2647,2.5
2648,2
2649,3
2650,3.5
2651,3.5
2652,4
2653,2
2654,4
2655,3.5
2656,3.5
2657,3
2658,3.5
2659,4
2660,4
2661,2.5
2662,3.5
2663,3
2664,3.5
2665,4
2666,3.5
2667,4.5
2668,4
2669,3.5
2670,4
2671,3.5
2672,4
2673,4
2674,3
2675,2.5
2676,3.5
2677,2.5
2678,3.5
2679,2.5
2680,3.5
2681,4
2682,3
2683,2
2684,3.5
2685,3.5
2686,3.5
2687,3.5
2688,2.5
2689,4
2690,2.5
2691,3.5
2692,3.5
2693,3.5
2694,2.5
2695,3
2696,3
2697,2.5
2698,3.5
2699,3.5
2700,3
2701,2.5
2702,3
2703,3
2704,2
2705,2.5
2706,3.5
2707,3.5
2708,3.5
2709,3.5
2710,3.5
2711,3.5
2712,3.5
2713,4
2714,3.5
2715,3.5
2716,2.5
2717,3
2718,3.5
2719,4
2720,3.5
2721,3.5
2722,3.5
2723,3
2724,4
2725,3
2726,4
2727,3.5
2728,3.5
2729,3
2730,3.5
2731,4
2732,2.5
2733,4
2734,3.5
2735,3.5
2736,3
2737,3
2738,3.5
2739,4
2740,3
2741,3.5
2742,3.5
2743,4
2744,3.5
2745,3.5
2746,4
2747,3.5
2748,3
2749,3.5
2750,2.5
2751,3.5
2752,2.5
2753,4
2754,3
2755,3.5
2756,4
2757,3.5
2758,4
2759,3.5
2760,3
2761,2.5
2762,3.5
2763,3.5
2764,4
2765,2.5
2766,4
2767,4
2768,4
2769,3.5
2770,3
2771,3.5
2772,1.5
2773,3.5
2774,3.5
2775,3.5
2776,3.5
2777,3.5
2778,4
2779,3.5
2780,4
2781,3.5
2782,2.5
2783,4
2784,2
2785,3.5
2786,3.5
2787,3
2788,3
2789,3
2790,3.5
2791,3.5
2792,4
2793,3.5
2794,3.5
2795,3.5
2796,4
2797,4
2798,3
2799,3
2800,4
2801,3.5
2802,3.5
2803,3.5
2804,3.5
2805,4
2806,3
2807,3.5
2808,3.5
2809,3.5
2810,3.5
2811,4
2812,3.5
2813,3.5
2814,2
2815,3
2816,3.5
2817,3.5
2818,3
2819,4
2820,4
2821,3
2822,3.5
2823,2.5
2824,3.5
2825,4
2826,4
2827,3.5
2828,3.5
2829,4
2830,4
2831,4
2832,3
2833,3.5
2834,3.5
2835,3.5
2836,3.5
2837,3.5
2838,3.5
2839,2
2840,3
2841,3.5
2842,4
2843,4
2844,3.5
2845,3.5
2846,3
2847,2.5
2848,3.5
2849,3.5
2850,3.5
2851,4
2852,4
2853,4
2854,4
2855,3.5
2856,3
2857,3.5
2858,3.5
2859,4
2860,3.5
2861,3.5
2862,3.5
2863,3
2864,3.5
2865,3.5
2866,4
2867,2.5
2868,3.5
2869,4
2870,3
2871,4
2872,3.5
2873,3.5
2874,3.5
2875,3.5
2876,2.5
2877,4
2878,3.5
2879,3.5
2880,2
2881,2
2882,3.5
2883,3
2884,4
2885,3
2886,3
2887,2.5
2888,2.5
2889,3
2890,3
2891,3.5
2892,4
2893,4
2894,4
2895,4
2896,3
2897,3.5
2898,3
2899,4
2900,3.5
2901,3.5
2902,3.5
2903,4
2904,3
2905,3.5
2906,3.5
2907,3.5
2908,4
2909,4
2910,4
2911,2.5
2912,4
2913,3
2914,3.5
2915,4
2916,4
2917,3
2918,3.5
2919,4.5
2920,3.5
2921,4
2922,3.5
2923,3
2924,4
2925,3.5
2926,3.5
2927,3.5
2928,4
2929,3
2930,3.5
2931,3.5
2932,2.5
2933,3
2934,3.5
2935,3.5
2936,3.5
2937,3
2938,4
2939,3.5
2940,4
2941,4
2942,3
2943,4
2944,3.5
2945,4
2946,3.5
2947,4
2948,4
2949,3.5
2950,3
2951,2
2952,4
2953,4
2954,3.5
2955,3.5
2956,3
2957,3
2958,4
2959,2.5
2960,3
2961,3.5
2962,4
2963,2.5
2964,2.5
2965,4
2966,2
2967,3.5
2968,3.5
2969,4
2970,3.5
2971,3.5
2972,3.5
2973,3
2974,3
2975,4
2976,3.5
2977,3.5
2978,3.5
2979,3.5
2980,3.5
2981,2.5
2982,4
2983,4
2984,3.5
2985,4
2986,3
2987,3
2988,3.5
2989,3.5
2990,4
2991,4
2992,4
2993,3.5
2994,4
2995,4.5
2996,3
2997,3.5
2998,4
2999,3.5
3000,2.5
3001,4
3002,3.5
3003,3.5
3004,3.5
3005,3.5
3006,3.5
3007,2.5
3008,3.5
3009,4
3010,3.5
3011,2.5
3012,4
3013,4
3014,2.5
3015,3.5
3016,4
3017,3.5
3018,3.5
3019,3.5
3020,3.5
3021,2.5
3022,3.5
3023,3.5
3024,3.5
3025,4
3026,2.5
3027,2.5
3028,4
3029,3
3030,3.5
3031,3
3032,2.5
3033,3.5
3034,3.5
3035,4
3036,4
3037,3.5
3038,3.5
3039,3
3040,4
3041,2.5
3042,3
3043,2
3044,3
3045,4
3046,3
3047,4
3048,3.5
3049,3
3050,4
3051,4
3052,3
3053,4
3054,3.5
3055,3.5
3056,4
3057,3.5
3058,2
3059,3
3060,3.5
3061,3
3062,3.5
3063,3.5
3064,4
3065,4
3066,3.5
3067,4
3068,3.5
3069,3
3070,3.5
3071,3
3072,3
3073,3
3074,3
3075,4
3076,4
3077,3.5
3078,3
3079,1.5
3080,3
3081,4
3082,4
3083,2.5
3084,3.5
3085,3.5
3086,3.5
3087,1.5
3088,3
3089,4
3090,3.5
3091,4
3092,3
3093,3.5
3094,4
3095,3
3096,4
3097,3.5
3098,3.5
3099,4
3100,4
3101,3
3102,2.5
3103,4
3104,4
3105,4
3106,3.5
3107,4
3108,2.5
3109,4
3110,4
3111,3
3112,4
3113,3.5
3114,4
3115,3.5
3116,4
3117,4
3118,3.5
3119,3.5
3120,4
3121,2.5
3122,3
3123,2.5
3124,3.5
3125,3.5
3126,3.5
3127,3.5
3128,2.5
3129,2.5
3130,3.5
3131,4
3132,4
3133,3.5
3134,2.5
3135,3.5
3136,3.5
3137,3.5
3138,4
3139,4
3140,4
3141,3.5
3142,4
3143,4
3144,3
3145,3.5
3146,2.5
3147,4
3148,3
3149,3.5
3150,3.5
3151,3.5
3152,3.5
3153,3.5
3154,3.5
3155,3.5
3156,3.5
3157,4
3158,3
3159,3.5
3160,4.5
3161,3.5
3162,3
3163,3.5
3164,3
3165,3
3166,3
3167,4
3168,3.5
3169,2.5
3170,3.5
3171,3
3172,4
3173,2.5
3174,3
3175,3
3176,3.5
3177,3
3178,3.5
3179,3
3180,3
3181,2.5
3182,3.5
3183,3
3184,3.5
3185,3.5
3186,3
3187,3
3188,2.5
3189,3.5
3190,4
3191,3.5
3192,4
3193,4
3194,3.5
3195,4
3196,3.5
3197,2.5
3198,3.5
3199,4
3200,3
3201,3
3202,4
3203,3.5
3204,3.5
3205,3.5
3206,3.5
3207,3.5
3208,3.5
3209,3.5
3210,4
3211,3.5
3212,3
3213,3.5
3214,2.5
3215,4
3216,3
3217,3.5
3218,4
3219,4.5
3220,4
3221,4
3222,3
3223,3.5
3224,2.5
3225,2.5
3226,4
3227,3
3228,3.5
3229,4
3230,4
3231,3
3232,3.5
3233,3.5
3234,4
3235,3.5
3236,3.5
3237,3.5
3238,4
3239,3.5
3240,2.5
3241,3.5
3242,3.5
3243,3.5
3244,4
3245,3
3246,2.5
3247,4.5
3248,3.5
3249,3.5
3250,4
3251,3.5
3252,4
3253,3
3254,3.5
3255,3
3256,3
3257,4
3258,3.5
3259,3
3260,3.5
3261,3
3262,4
3263,3
3264,3
3265,4
3266,3.5
3267,3
3268,3.5
3269,3.5
3270,3.5
3271,4
3272,3
3273,3.5
3274,4
3275,3.5
3276,4.5
3277,3
3278,3.5
3279,3
3280,4
3281,3.5
3282,3
3283,2.5
3284,4
3285,2.5
3286,4
3287,4
3288,2.5
3289,4
3290,4
3291,3
3292,3.5
3293,4.5
3294,3.5
3295,3
3296,4
3297,3
3298,3.5
3299,4
3300,3.5
3301,3.5
3302,4
3303,4
3304,4
3305,3.5
3306,3
3307,3.5
3308,2.5
3309,4
3310,4
3311,4
3312,3.5
3313,4
3314,3.5
3315,3.5
3316,4
3317,3.5
3318,3.5
3319,3.5
3320,4
3321,3.5
3322,3
3323,3.5
3324,4
3325,3.5
3326,3
3327,3
3328,4
3329,3.5
3330,3.5
3331,3
3332,3
3333,3
3334,3.5
3335,3.5
3336,2.5
3337,3
3338,3.5
3339,3
3340,1.5
3341,3.5
3342,3.5
3343,3.5
3344,2.5
3345,3.5
3346,3.5
3347,3.5
3348,3.5
3349,4
3350,3.5
3351,4
3352,3.5
3353,3.5
3354,2
3355,3.5
3356,3.5
3357,4
3358,3.5
3359,2.5
3360,2.5
3361,3
3362,3.5
3363,3.5
3364,3.5
3365,4
3366,3.5
3367,3
3368,2.5
3369,3.5
3370,3.5
3371,4
3372,3.5
3373,4
3374,3
3375,3
3376,3.5
3377,4
3378,4
3379,4
3380,3
3381,3.5
3382,3.5
3383,4
3384,4
3385,4
3386,3.5
3387,4
3388,4
3389,2.5
3390,3.5
3391,2.5
3392,3.5
3393,4
3394,4
3395,3.5
3396,2.5
3397,4
3398,3
3399,4
3400,4
3401,4
3402,3
3403,4
3404,4
3405,3.5
3406,4
3407,3.5
3408,3
3409,4
3410,3.5
3411,4
3412,3
3413,3.5
3414,3.5
3415,4
3416,3.5
3417,3
3418,3.5
3419,3.5
3420,3.5
3421,3
3422,4
3423,2
3424,4
3425,3
3426,3
3427,3.5
3428,3.5
3429,3.5
3430,3.5
3431,4
3432,3.5
3433,3.5
3434,4
3435,3.5
3436,4.5
3437,3.5
3438,4
3439,3
3440,4
3441,3.5
3442,3
3443,3.5
3444,3
3445,3
3446,3.5
3447,4
3448,3.5
3449,4
3450,3.5
3451,3.5
3452,2.5
3453,3.5
3454,4
3455,2.5
3456,3
3457,3.5
3458,3.5
3459,3.5
3460,3.5
3461,3.5
3462,3.5
3463,3.5
3464,3.5
3465,3.5
3466,4
3467,4
3468,3.5
3469,3.5
3470,3.5
3471,3.5
3472,3
3473,4
3474,2
3475,3.5
3476,2.5
3477,4
3478,4
3479,3.5
3480,3.5
3481,3
3482,4
3483,3.5
3484,4
3485,4
3486,3.5
3487,4
3488,3
3489,3.5
3490,4
3491,3.5
3492,3.5
3493,4
3494,4
3495,4
3496,4
3497,4
3498,3.5
3499,3.5
3500,4
3501,3.5
3502,3
3503,3.5
3504,4
3505,3
3506,3.5
3507,2.5
3508,4
3509,3.5
3510,3.5
3511,2.5
3512,3.5
3513,4
3514,3
3515,3.5
3516,4
3517,3.5
3518,3
3519,3.5
3520,4.5
3521,2
3522,3.5
3523,3.5
3524,3
3525,4
3526,4
3527,3.5
3528,3.5
3529,3.5
3530,3.5
3531,3.5
3532,2.5
3533,3
3534,3.5
3535,3.5
3536,3.5
3537,3.5
3538,4
3539,3.5
3540,4
3541,3
3542,4
3543,3
3544,3
3545,4
3546,3.5
3547,4
3548,4.5
3549,3.5
3550,3.5
3551,2.5
3552,3.5
3553,3.5
3554,3
3555,3.5
3556,4
3557,3
3558,3
3559,3
3560,3
3561,4
3562,3.5
3563,3.5
3564,4
3565,3.5
3566,4
3567,3.5
3568,3.5
3569,3.5
3570,3
3571,3
3572,4
3573,2.5
3574,4
3575,3.5
3576,3
3577,3.5
3578,3
3579,3
3580,3.5
3581,4
3582,4
3583,3.5
3584,3.5
3585,3.5
3586,2.5
3587,3.5
3588,3
3589,4
3590,3.5
3591,4
3592,4
3593,3.5
3594,4
3595,2.5
3596,3.5
3597,3.5
3598,3
3599,3.5
3600,4
3601,3.5
3602,3
3603,4
3604,3.5
3605,3
3606,4
3607,3.5
3608,3
3609,3.5
3610,2.5
3611,3.5
3612,3.5
3613,3.5
3614,3.5
3615,3.5
3616,3
3617,4
3618,3.5
3619,4
3620,2.5
3621,3.5
3622,3.5
3623,2.5
3624,3
3625,4
3626,4
3627,3.5
3628,3
3629,3
3630,3.5
3631,3
3632,3.5
3633,3
3634,1
3635,2.5
3636,4
3637,3.5
3638,3.5
3639,4
3640,3
3641,4
3642,3.5
3643,4
3644,3.5
3645,4
3646,4
3647,3.5
3648,2.5
3649,3.5
3650,3.5
3651,4
3652,3.5
3653,4
3654,4
3655,4
3656,2.5
3657,3.5
3658,4
3659,3.5
3660,4
3661,4
3662,3.5
3663,3.5
3664,3.5
3665,3
3666,3.5
3667,3.5
3668,4
3669,3
3670,3
3671,3
3672,3.5
3673,3.5
3674,2
3675,3.5
3676,3.5
3677,4
3678,2.5
3679,3.5
3680,3.5
3681,3.5
3682,4
3683,2.5
3684,4
3685,4
3686,3
3687,3
3688,4
3689,3
3690,2.5
3691,4
3692,3.5
3693,3
3694,3
3695,4
3696,2.5
3697,3.5
3698,3
3699,4
3700,4
3701,4
3702,3.5
3703,3.5
3704,3.5
3705,4
3706,3
3707,3.5
3708,4
3709,3.5
3710,4
3711,3.5
3712,3.5
3713,3.5
3714,3
3715,3
3716,3
3717,4
3718,3.5
3719,4
3720,2.5
3721,3
3722,3
3723,3
3724,4
3725,2.5
3726,4
3727,4
3728,3.5
3729,2.5
3730,3
3731,4
3732,4.5
3733,3
3734,3
3735,3.5
3736,3
3737,3
3738,3.5
3739,4
3740,4
3741,2.5
3742,3
3743,2.5
3744,3.5
3745,3.5
3746,3.5
3747,3
3748,3
3749,2.5
3750,4
3751,4
3752,4
3753,3.5
3754,3.5
3755,2
3756,4
3757,2.5
3758,3
3759,3
3760,4
3761,3
3762,3
3763,3.5
3764,3.5
3765,3
3766,2
3767,4
3768,3.5
3769,3.5
3770,2
3771,3.5
3772,3
3773,3
3774,3.5
3775,4
3776,3
3777,3
3778,4
3779,3.5
3780,3.5
3781,3.5
3782,3.5
3783,4
3784,4
3785,3
3786,3.5
3787,4
3788,3.5
3789,3.5
3790,4
3791,3.5
3792,3.5
3793,4
3794,3.5
3795,3.5
3796,3.5
3797,4
3798,4
3799,3.5
3800,4
3801,3.5
3802,3
3803,4
3804,3.5
3805,3
3806,3.5
3807,3.5
3808,4
3809,3.5
3810,4
3811,3.5
3812,3
3813,3.5
3814,2.5
3815,2.5
3816,3.5
3817,1.5
3818,4
3819,4
3820,3.5
3821,3.5
3822,4
3823,4
3824,3.5
3825,4
3826,2.5
3827,3.5
3828,3
3829,3.5
3830,3.5
3831,3
3832,3.5
3833,3
3834,3.5
3835,3
3836,4
3837,3.5
3838,4
3839,3.5
3840,3
3841,3.5
3842,3.5
3843,3.5
3844,3.5
3845,2.5
3846,3
3847,3
3848,3
3849,4
3850,4
3851,4
3852,3
3853,3.5
3854,4
3855,4
3856,4
3857,4
3858,4
3859,3.5
3860,3.5
3861,3
3862,3.5
3863,3
3864,3.5
3865,4
3866,4
3867,3.5
3868,3.5
3869,2.5
3870,4
3871,3.5
3872,2.5
3873,3.5
3874,4
3875,4
3876,3.5
3877,1.5
3878,3
3879,2.5
3880,4
3881,2
3882,3
3883,3
3884,3.5
3885,3
3886,4
3887,4
3888,4
3889,4
3890,3.5
3891,3.5
3892,3.5
3893,1.5
3894,3.5
3895,3
3896,3.5
3897,4
3898,3.5
3899,4
3900,4
3901,3.5
3902,2.5
3903,3.5
3904,3.5
3905,3.5
3906,3.5
3907,4
3908,3
3909,3.5
3910,3.5
3911,4.5
3912,3.5
3913,4
3914,2
3915,3.5
3916,3
3917,4
3918,3.5
3919,3
3920,4
3921,4
3922,3
3923,3
3924,3.5
3925,4
3926,4
3927,4
3928,4
3929,3.5
3930,3.5
3931,3
3932,3.5
3933,3.5
3934,3.5
3935,2.5
3936,3.5
3937,4
3938,3.5
3939,3.5
3940,4
3941,3.5
3942,4
3943,3.5
3944,3
3945,3.5
3946,4.5
3947,2.5
3948,3.5
3949,3.5
3950,3.5
3951,2
3952,3.5
3953,3
3954,2
3955,3
3956,4
3957,3
3958,3.5
3959,3.5
3960,4
3961,4
3962,3.5
3963,3.5
3964,3.5
3965,4
3966,4
3967,3.5
3968,2.5
3969,3.5
3970,3
3971,4
3972,2.5
3973,4
3974,4
3975,3.5
3976,4
3977,2.5
3978,4
3979,4
3980,4
3981,2.5
3982,3.5
3983,3.5
3984,4
3985,3.5
3986,2.5
3987,3.5
3988,2
3989,3.5
3990,3.5
3991,3.5
3992,3.5
3993,3.5
3994,3.5
3995,3
3996,3.5
3997,2.5
3998,3
3999,3
4000,4
4001,3.5
4002,4
4003,3.5
4004,4
4005,3.5
4006,3
4007,3
4008,2.5
4009,2.5
4010,4
4011,4
4012,4
4013,3.5
4014,3.5
4015,3
4016,2.5
4017,4
4018,4
4019,1.5
4020,3.5
4021,4
4022,3.5
4023,3
4024,3.5
4025,4
4026,4
4027,3.5
4028,3.5
4029,3
4030,4
4031,3.5
4032,4
4033,3
4034,4
4035,3.5
4036,3.5
4037,2.5
4038,3
4039,4
4040,4
4041,4
4042,2.5
4043,2.5
4044,4
4045,3.5
4046,3.5
4047,3.5
4048,3
4049,4.5
4050,3
4051,3.5
4052,3
4053,2
4054,3.5
4055,3.5
4056,4
4057,1.5
4058,3
4059,3.5
4060,4
4061,3.5
4062,4
4063,3.5
4064,2
4065,4
4066,2.5
4067,3
4068,3.5
4069,4
4070,4
4071,2
4072,4
4073,4
4074,4
4075,3
4076,3
4077,3.5
4078,4
4079,3.5
4080,3
4081,3.5
4082,2.5
4083,4
4084,3.5
4085,3.5
4086,3.5
4087,4
4088,4
4089,3.5
4090,3.5
4091,3
4092,3.5
4093,4
4094,4
4095,3.5
4096,3.5
4097,4
4098,3.5
4099,4
4100,3.5
4101,3.5
4102,3.5
4103,4
4104,4
4105,4
4106,3.5
4107,4
4108,4
4109,3.5
4110,4
4111,4
4112,3.5
4113,4
4114,4
4115,3.5
4116,4
4117,4
4118,3.5
4119,4
4120,4
4121,4
4122,3
4123,3
4124,4
4125,3
4126,3.5
4127,4
4128,4
4129,3
4130,3.5
4131,3.5
4132,3.5
4133,3
4134,4
4135,4
4136,3.5
4137,3.5
4138,3
4139,3.5
4140,4
4141,4
4142,2.5
4143,3.5
4144,3.5
4145,4
4146,4
4147,4
4148,3.5
4149,3
4150,3.5
4151,2
4152,4
4153,3
4154,4
4155,3
4156,4.5
4157,3.5
4158,3.5
4159,4
4160,3.5
4161,3
4162,3.5
4163,4
4164,4
4165,3
4166,4
4167,3
4168,2.5
4169,4
4170,3.5
4171,3
4172,2.5
4173,3.5
4174,3
4175,3.5
4176,3
4177,3
4178,2.5
4179,2
4180,2.5
4181,3.5
4182,3.5
4183,3.5
4184,3
4185,3.5
4186,3.5
4187,4
4188,3.5
4189,3
4190,4
4191,4
4192,3
4193,4
4194,4
4195,3
4196,2.5
4197,2.5
4198,2.5
4199,4
4200,3.5
4201,2.5
4202,4
4203,4
4204,4
4205,3.5
4206,2.5
4207,4
4208,3.5
4209,4
4210,3.5
4211,3.5
4212,3
4213,3
4214,3.5
4215,3
4216,4
4217,3.5
4218,3
4219,3.5
4220,3
4221,3.5
4222,3.5
4223,4
4224,3.5
4225,4
4226,4
4227,3.5
4228,3.5
4229,4
4230,4
4231,3.5
4232,3.5
4233,3.5
4234,4
4235,4
4236,2
4237,3.5
4238,3.5
4239,4
4240,3.5
4241,2.5
4242,3.5
4243,3.5
4244,3.5
4245,3.5
4246,3.5
4247,3
4248,3.5
4249,3
4250,4
4251,3.5
4252,3
4253,2
4254,4
4255,3
4256,4
4257,3.5
4258,3.5
4259,3.5
4260,3
4261,3.5
4262,3.5
4263,4
4264,3.5
4265,3.5
4266,3.5
4267,3.5
4268,3.5
4269,3.5
4270,3.5
4271,3.5
4272,3
4273,2.5
4274,3
4275,3.5
4276,4
4277,4
4278,2.5
4279,4.5
4280,3.5
4281,4
4282,3.5
4283,3.5
4284,3.5
4285,3.5
4286,4
4287,2.5
4288,3.5
4289,3.5
4290,4
4291,3
4292,3
4293,3.5
4294,3.5
4295,4
4296,3
4297,2
4298,3
4299,4
4300,4
4301,3
4302,2
4303,3
4304,3.5
4305,4
4306,3
4307,4
4308,2.5
4309,3.5
4310,3.5
4311,3
4312,3.5
4313,3.5
4314,3.5
4315,2.5
4316,2.5
4317,2.5
4318,3.5
4319,4
4320,3
4321,4
4322,4
4323,3.5
4324,4
4325,3
4326,3.5
4327,3.5
4328,3.5
4329,3.5
4330,2.5
4331,3.5
4332,3.5
4333,3
4334,3.5
4335,4
4336,3.5
4337,4
4338,4
4339,3
4340,3
4341,3.5
4342,4
4343,3.5
4344,3.5
4345,3.5
4346,3.5
4347,4
4348,3.5
4349,3
4350,3.5
4351,3.5
4352,3.5
4353,3.5
4354,4
4355,4
4356,3.5
4357,3
4358,3
4359,4
4360,4
4361,2.5
4362,3.5
4363,3
4364,4
4365,4
4366,4
4367,2.5
4368,3.5
4369,4
4370,4
4371,3.5
4372,2
4373,4
4374,3.5
4375,3
4376,2.5
4377,4
4378,3
4379,4
4380,3.5
4381,4
4382,3.5
4383,4
4384,4
4385,3
4386,4
4387,4
4388,4
4389,2.5
4390,4
4391,2.5
4392,3.5
4393,3
4394,4
4395,3.5
4396,3.5
4397,4
4398,3
4399,3.5
4400,3.5
4401,3
4402,3.5
4403,3
4404,4
4405,3.5
4406,3.5
4407,3.5
4408,1.5
4409,3.5
4410,3.5
4411,2.5
4412,4
4413,4
4414,3.5
4415,4
4416,4
4417,3.5
4418,4
4419,3.5
4420,4
4421,2.5
4422,2.5
4423,3.5
4424,3
4425,4
4426,3.5
4427,3.5
4428,3.5
4429,3.5
4430,4
4431,3.5
4432,3.5
4433,3.5
4434,3
4435,3.5
4436,4
4437,3.5
4438,1.5
4439,4
4440,4
4441,3.5
4442,4
4443,3.5
4444,3.5
4445,3.5
4446,4
4447,4
4448,4
4449,2.5
4450,3
4451,4
4452,3.5
4453,2.5
4454,4
4455,4
4456,3.5
4457,3
4458,3.5
4459,4
4460,4
4461,2.5
4462,3.5
4463,3.5
4464,3.5
4465,3
4466,4
4467,4
4468,3
4469,3
4470,3
4471,4
4472,3.5
4473,3.5
4474,4
4475,3.5
4476,3.5
4477,4
4478,3.5
4479,4
4480,3
4481,3.5
4482,2
4483,4
4484,3
4485,3
4486,3
4487,3.5
4488,4
4489,3.5
4490,4
4491,3.5
4492,3
4493,3
4494,2
4495,3.5
4496,3.5
4497,3.5
4498,3.5
4499,4
4500,3
4501,3.5
4502,3.5
4503,3
4504,3.5
4505,3.5
4506,2.5
4507,4
4508,3.5
4509,4.5
4510,4
4511,3.5
4512,4
4513,4
4514,3.5
4515,4
4516,4
4517,3.5
4518,3.5
4519,2.5
4520,3
4521,3.5
4522,3
4523,4
4524,3.5
4525,3.5
4526,3
4527,3
4528,2.5
4529,3
4530,3.5
4531,3.5
4532,4
4533,3
4534,3.5
4535,1
4536,3
4537,4
4538,3.5
4539,3
4540,4
4541,3.5
4542,3.5
4543,3.5
4544,3.5
4545,3.5
4546,3.5
4547,3
4548,4
4549,2.5
4550,3
4551,4
4552,4
4553,4
4554,4
4555,3.5
4556,3
4557,2.5
4558,3.5
4559,3
4560,4
4561,3
4562,4
4563,4
4564,3
4565,4
4566,3
4567,3.5
4568,3
4569,4
4570,3.5
4571,3.5
4572,3
4573,4
4574,3.5
4575,3.5
4576,1.5
4577,4
4578,3.5
4579,2.5
4580,4
4581,3.5
4582,4
4583,4
4584,3.5
4585,3.5
4586,4
4587,1.5
4588,4
4589,4
4590,3.5
4591,3
4592,4
4593,4
4594,2.5
4595,3.5
4596,3
4597,3
4598,2.5
4599,2.5
4600,3
4601,4
4602,3.5
4603,3
4604,4
4605,4
4606,3
4607,3
4608,4
4609,3.5
4610,4
4611,3.5
4612,3.5
4613,4
4614,3
4615,3.5
4616,4
4617,3.5
4618,3.5
4619,4
4620,3.5
4621,3.5
4622,3.5
4623,3
4624,3
4625,3
4626,3.5
4627,3
4628,3.5
4629,3.5
4630,3.5
4631,3.5
4632,4
4633,3.5
4634,3
4635,4
4636,3
4637,3.5
4638,3
4639,3
4640,3.5
4641,3
4642,4
4643,3.5
4644,1.5
4645,4
4646,4
4647,2.5
4648,4
4649,4.5
4650,2.5
4651,4
4652,4
4653,2.5
4654,3.5
4655,4
4656,2.5
4657,3.5
4658,4
4659,4
4660,4
4661,3
4662,3.5
4663,3
4664,3.5
4665,3
4666,4
4667,3
4668,2.5
4669,2
4670,3.5
4671,3.5
4672,3.5
4673,3.5
4674,4
4675,4
4676,2.5
4677,3
4678,3.5
4679,3.5
4680,2.5
4681,4
4682,3
4683,4
4684,3.5
4685,3.5
4686,4
4687,4
4688,4
4689,4
4690,3.5
4691,3.5
4692,3
4693,3.5
4694,3.5
4695,4.5
4696,3.5
4697,4
4698,3
4699,3.5
4700,2.5
4701,4
4702,3.5
4703,3
4704,4
4705,3
4706,3.5
4707,2.5
4708,3.5
4709,3.5
4710,4
4711,4
4712,3.5
4713,2.5
4714,3
4715,3
4716,3
4717,4
4718,3.5
4719,3
4720,3.5
4721,3
4722,4
4723,4
4724,4
4725,3.5
4726,4
4727,4
4728,3.5
4729,2.5
4730,3
4731,3.5
4732,2.5
4733,3.5
4734,3.5
4735,3
4736,4
4737,3.5
4738,3.5
4739,3.5
4740,3
4741,3.5
4742,3.5
4743,3.5
4744,3.5
4745,4
4746,3.5
4747,3.5
4748,3.5
4749,4
4750,3
4751,3.5
4752,4.5
4753,3
4754,3
4755,3
4756,4
4757,2.5
4758,2.5
4759,4
4760,3.5
4761,3
4762,3.5
4763,3.5
4764,3
4765,3
4766,4
4767,3.5
4768,2.5
4769,2.5
4770,4
4771,3.5
4772,1.5
4773,2.5
4774,3
4775,3
4776,2.5
4777,4
4778,3.5
4779,2.5
4780,3.5
4781,3
4782,3.5
4783,3.5
4784,2.5
4785,3.5
4786,4
4787,3
4788,3
4789,3.5
4790,4
4791,4
4792,3.5
4793,3.5
4794,4
4795,3.5
4796,3
4797,3.5
4798,2
4799,3
4800,3
4801,3.5
4802,4
4803,4
4804,4
4805,3
4806,3
4807,3
4808,3.5
4809,3
4810,4
4811,4
4812,3.5
4813,3
4814,3
4815,3.5
4816,3.5
4817,3
4818,1.5
4819,4
4820,4
4821,4
4822,4
4823,3.5
4824,4.5
4825,3.5
4826,3
4827,4
4828,3.5
4829,3.5
4830,2.5
4831,3.5
4832,4
4833,3
4834,3.5
4835,3.5
4836,3
4837,3.5
4838,3.5
4839,2.5
4840,3.5
4841,3.5
4842,3.5
4843,4
4844,4
4845,3
4846,2.5
4847,3.5
4848,3.5
4849,4
4850,4
4851,4
4852,3.5
4853,2.5
4854,3.5
4855,2.5
4856,4
4857,4
4858,3.5
4859,3
4860,3
4861,3
4862,2.5
4863,3.5
4864,3
4865,3.5
4866,3.5
4867,3.5
4868,3
4869,4
4870,3
4871,3
4872,3.5
4873,4.5
4874,2.5
4875,3
4876,3.5
4877,3.5
4878,3.5
4879,3.5
4880,3.5
4881,3.5
4882,3
4883,3
4884,3.5
4885,4
4886,3
4887,3
4888,4
4889,2.5
4890,3.5
4891,3
4892,2.5
4893,3
4894,3.5
4895,3.5
4896,4
4897,4
4898,4
4899,4
4900,2.5
4901,3.5
4902,3
4903,3
4904,2.5
4905,4.5
4906,4
4907,4
4908,4
4909,3
4910,3.5
4911,2.5
4912,2
4913,4
4914,3.5
4915,4
4916,4
4917,3.5
4918,4
4919,3
4920,3.5
4921,3
4922,3.5
4923,4
4924,2.5
4925,4
4926,3.5
4927,3.5
4928,4
4929,3
4930,4
4931,3.5
4932,3.5
4933,2.5
4934,3.5
4935,3
4936,3
4937,3
4938,3.5
4939,3.5
4940,3
4941,3
4942,3.5
4943,4
4944,3.5
4945,3.5
4946,4
4947,4
4948,4
4949,4
4950,3
4951,4
4952,4
4953,3.5
4954,2.5
4955,4
4956,4
4957,4
4958,4
4959,4
4960,3
4961,3.5
4962,3
4963,3
4964,3
4965,3.5
4966,2.5
4967,4
4968,3.5
4969,4
4970,3
4971,3
4972,3.5
4973,2.5
4974,3.5
4975,3.5
4976,4
4977,4
4978,4
4979,3.5
4980,3.5
4981,3.5
4982,3.5
4983,4
4984,4
4985,3.5
4986,4
4987,3.5
4988,2.5
4989,3
4990,3
4991,3.5
4992,3.5
4993,3
4994,3
4995,3.5
4996,3
4997,3.5
4998,4
4999,4
